source_name,title,authors,doi,year_published,abstract
Nature,Quantum Entanglement in Photonic Systems,A. Smith; B. Jones,10.1038/s41586-024-001,2024,Demonstration of multi-photon entanglement
Nature,Deep Learning for Climate Modeling,E. Patel; F. Garcia,10.1038/s41586-024-002,2023,Neural network climate prediction framework
Nature,Protein Folding Dynamics,R. Johnson; S. Kim,10.1038/s41586-024-003,2024,AlphaFold extensions for dynamics
Nature Ecology,Biodiversity Loss Metrics,S. Taylor; T. Anderson,10.1038/s41559-024-001,2023,Global biodiversity index construction
Nature Ecology,Marine Ecosystem Collapse,A. Rivera; K. Okonkwo,10.1038/s41559-024-002,2024,Ocean acidification impact modeling
Science,CRISPR Gene Editing Advances,C. Zhang; D. Liu,10.1126/science.abc123,2024,Base editing improvements in vivo
Science,Fusion Energy Breakthrough,K. Tanaka; L. Rossi,10.1126/science.def456,2023,Net-positive tokamak demonstration
Science,Mars Soil Composition Analysis,P. Chen; M. Nakamura,10.1126/science.ghi789,2024,Perseverance rover spectral data
Physical Review Letters,Topological Insulators Review,G. Kim; H. Park,10.1103/PhysRevLett.130.01,2023,Novel topological phases in 2D materials
Physical Review Letters,Graphene Superconductivity,Q. Martinez; R. Lee,10.1103/PhysRevLett.131.02,2024,Magic-angle bilayer graphene
Physical Review Letters,Dark Matter Detection,X. Wang; Y. Petrov,10.1103/PhysRevLett.132.01,2024,XENON-nT signal analysis
Cell,mRNA Vaccine Platform Design,I. Weber; J. Chen,10.1016/j.cell.2024.01,2024,Next-gen mRNA delivery systems
Cell,Gut Microbiome and Immunity,L. Santos; M. Obi,10.1016/j.cell.2024.02,2024,Microbiome-immune axis mapping
ACM Computing Surveys,Neural Architecture Search,M. Brown; N. Wilson,10.1145/3580305.358,2024,Efficient NAS via gradient methods
ACM Computing Surveys,Large Language Model Survey,T. Zhang; U. Patel,10.1145/3580305.359,2024,Transformer scaling laws and efficiency
Astrophysical Journal,Exoplanet Atmospheric Composition,O. Davies; P. Murphy,10.3847/1538-4357/ab1234,2024,JWST spectroscopy of hot Jupiters
Astrophysical Journal,Gravitational Wave Sources,V. Nakamura; W. Osei,10.3847/1538-4357/ab5678,2023,Binary neutron star mergers
PNAS,Neural Plasticity in Adults,D. Park; E. Svensson,10.1073/pnas.2024.01,2024,Adult neurogenesis evidence
PNAS,Quantum Computing Error Correction,H. Lee; I. Gupta,10.1073/pnas.2024.02,2024,Surface code implementations
Lancet,Global Pandemic Preparedness,A. WHO; B. CDC,10.1016/S0140-6736,2024,Surveillance network proposals
