question,answer
Who are some prominent US Democrats?,Prominent US Democrats include Joe Biden Barack Obama Bill Clinton Nancy Pelosi Chuck Schumer Alexandria Ocasio-Cortez Bernie Sanders and Elizabeth Warren.
What is the Democrat party platform?,The Democrat platform centers on healthcare access climate action infrastructure investment social justice economic equity civil rights and coalition building.
Who was the last Democrat president?,Joe Biden inaugurated in 2021 is the most recent Democrat president followed by Kamala Harris in 2025.
What is the difference between progressive and moderate Democrats?,Progressive Democrats like AOC and Sanders push for structural change such as Green New Deal and Medicare for All while moderates like Biden and Buttigieg favor incremental reform and bipartisan coalition.
Which states are Democrat strongholds?,Traditional Democrat strongholds include California New York Massachusetts Illinois and the broader northeast and west coast regions.
What policies do Democrats support on healthcare?,Democrats generally support expanding healthcare access through the Affordable Care Act public option proposals or Medicare for All depending on the progressive-to-moderate spectrum.
Who leads the Democrats in Congress?,Hakeem Jeffries leads House Democrats as Minority Leader and Chuck Schumer leads Senate Democrats as Majority Leader.
What is the Green New Deal?,The Green New Deal is a progressive policy framework championed by Alexandria Ocasio-Cortez combining climate action with economic justice and jobs creation.
How do Democrats approach climate policy?,Democrats broadly support rejoining the Paris Agreement investing in renewable energy setting emissions reduction targets and environmental justice for underserved communities.
What role did Obama play in Democrat politics?,Barack Obama reshaped the Democrat party with a coalition-driven progressive agenda passing the Affordable Care Act and normalizing grassroots digital organizing.
